iter	RMSE	RMSE
0	3.885134367	3.885134367
100	3.871055308	3.871055308
200	3.865876047	3.865876047
300	3.863972034	3.863972034
400	3.863273028	3.863273028
500	3.863016293	3.863016293
