iter	RMSE	RMSE
0	3.880448658	3.880448658
100	3.793120949	3.793120949
200	3.751038879	3.751038879
300	3.728030517	3.728030517
400	3.714532938	3.714532938
500	3.70461854	3.70461854
600	3.696709982	3.696709982
700	3.690399605	3.690399605
800	3.685118264	3.685118264
900	3.680218346	3.680218346
